Workbook

Sheet Data_22_23
G1: BY FORMULA | K1: MANUAL
B2: =HYPERLINK("https://www.indiapost.gov.in/Financial/pages/content/post-office-saving-schemes.aspx","Reference") -> Reference | C2: =HYPERLINK("https://www.ippbonline.com/web/ippb/dop-product-payment","ePassbook") -> ePassbook
G3: Month - YEAR | H3: Minimum Balance | K3: Month - YEAR | L3: Minimum Balance
G4: 44652 | H4: =Monthly_Data!F3 -> 1374 | K4: 44652 | L4: 1374
B5: Date | C5: Amount | D5: Transaction Type | E5: Balance | G5: 44682 | H5: =Monthly_Data!F4 -> 61374 | K5: 44682 | L5: 61374
B6: 44666 | C6: 1374 | D6: Credit | E6: 1374 | G6: 44713 | H6: =Monthly_Data!F5 -> 71374 | K6: 44713 | L6: 71374
B7: 44691 | C7: 60000 | D7: Credit | E7: =IF(D7="Credit",E6+C7,E6-C7) -> 61374 | G7: 44743 | H7: =Monthly_Data!F6 -> 71374 | K7: 44743 | L7: 71374
B8: 44693 | C8: 10000 | D8: Credit | E8: =IF(D8="Credit",E7+C8,E7-C8) -> 71374 | G8: 44774 | H8: =Monthly_Data!F7 -> 51374 | K8: 44774 | L8: 51374
B9: 44792 | C9: 20000 | D9: Debit | E9: =IF(D9="Credit",E8+C9,E8-C9) -> 51374 | G9: 44805 | H9: =Monthly_Data!F8 -> 51374 | K9: 44805 | L9: 51374
B10: 44824 | C10: 60000 | D10: Credit | E10: =IF(D10="Credit",E9+C10,E9-C10) -> 111374 | G10: 44835 | H10: =Monthly_Data!F9 -> 111374 | K10: 44835 | L10: 111374
B11: 44914 | C11: 31000 | D11: Debit | E11: =IF(D11="Credit",E10+C11,E10-C11) -> 80374 | G11: 44866 | H11: =Monthly_Data!F10 -> 111374 | K11: 44866 | L11: 111374
G12: 44896 | H12: =Monthly_Data!F11 -> 80374 | K12: 44896 | L12: 80374
G13: 44927 | H13: =Monthly_Data!F12 -> 80374 | K13: 44927 | L13: 80374
G14: 44958 | H14: =Monthly_Data!F13 -> 80374 | K14: 44958 | L14: 80374
G15: 44986 | H15: =Monthly_Data!F14 -> 80374 | K15: 44986 | L15: 80374
G16: Total | H16: =SUM(H4:H15) -> 852488 | K16: Total | L16: =SUBTOTAL(109,L4:L15) -> 852488
G18: INTREST | H18: =ROUNDUP((H16*4)/(12*100),0) -> 2842 | K18: INTREST | L18: =ROUNDUP((L16*4)/(12*100),0) -> 2842

Sheet Monthly_Data
B2: Per Day | C2: Clossing Balance | E2: Month | F2: Minimum Balance
B3: 44651 | C3: 1374 | E3: 44652 | F3: =_xlfn.MINIFS($C$4:$C$368,$B$4:$B$368,">="&DATE(YEAR(E3),MONTH(E3),11),$B$4:$B$368,"<="&DATE(YEAR(E3),MONTH(E3),DAY(EOMONTH(E3,0)))) -> 1374
B4: 44652 | C4: =_xlfn.IFNA(_xlfn.XLOOKUP(B4,Data_22_23[Date],Data_22_23[Balance],NA(),0,-1),Monthly_Data!C3) -> 1374 | E4: 44682 | F4: =_xlfn.MINIFS($C$4:$C$368,$B$4:$B$368,">="&DATE(YEAR(E4),MONTH(E4),11),$B$4:$B$368,"<="&DATE(YEAR(E4),MONTH(E4),DAY(EOMONTH(E4,0)))) -> 61374
B5: 44653 | C5: =_xlfn.IFNA(_xlfn.XLOOKUP(B5,Data_22_23[Date],Data_22_23[Balance],NA(),0,-1),Monthly_Data!C4) -> 1374 | E5: 44713 | F5: =_xlfn.MINIFS($C$4:$C$368,$B$4:$B$368,">="&DATE(YEAR(E5),MONTH(E5),11),$B$4:$B$368,"<="&DATE(YEAR(E5),MONTH(E5),DAY(EOMONTH(E5,0)))) -> 71374
B6: 44654 | C6: =_xlfn.IFNA(_xlfn.XLOOKUP(B6,Data_22_23[Date],Data_22_23[Balance],NA(),0,-1),Monthly_Data!C5) -> 1374 | E6: 44743 | F6: =_xlfn.MINIFS($C$4:$C$368,$B$4:$B$368,">="&DATE(YEAR(E6),MONTH(E6),11),$B$4:$B$368,"<="&DATE(YEAR(E6),MONTH(E6),DAY(EOMONTH(E6,0)))) -> 71374
B7: 44655 | C7: =_xlfn.IFNA(_xlfn.XLOOKUP(B7,Data_22_23[Date],Data_22_23[Balance],NA(),0,-1),Monthly_Data!C6) -> 1374 | E7: 44774 | F7: =_xlfn.MINIFS($C$4:$C$368,$B$4:$B$368,">="&DATE(YEAR(E7),MONTH(E7),11),$B$4:$B$368,"<="&DATE(YEAR(E7),MONTH(E7),DAY(EOMONTH(E7,0)))) -> 51374
B8: 44656 | C8: =_xlfn.IFNA(_xlfn.XLOOKUP(B8,Data_22_23[Date],Data_22_23[Balance],NA(),0,-1),Monthly_Data!C7) -> 1374 | E8: 44805 | F8: =_xlfn.MINIFS($C$4:$C$368,$B$4:$B$368,">="&DATE(YEAR(E8),MONTH(E8),11),$B$4:$B$368,"<="&DATE(YEAR(E8),MONTH(E8),DAY(EOMONTH(E8,0)))) -> 51374
B9: 44657 | C9: =_xlfn.IFNA(_xlfn.XLOOKUP(B9,Data_22_23[Date],Data_22_23[Balance],NA(),0,-1),Monthly_Data!C8) -> 1374 | E9: 44835 | F9: =_xlfn.MINIFS($C$4:$C$368,$B$4:$B$368,">="&DATE(YEAR(E9),MONTH(E9),11),$B$4:$B$368,"<="&DATE(YEAR(E9),MONTH(E9),DAY(EOMONTH(E9,0)))) -> 111374
B10: 44658 | C10: =_xlfn.IFNA(_xlfn.XLOOKUP(B10,Data_22_23[Date],Data_22_23[Balance],NA(),0,-1),Monthly_Data!C9) -> 1374 | E10: 44866 | F10: =_xlfn.MINIFS($C$4:$C$368,$B$4:$B$368,">="&DATE(YEAR(E10),MONTH(E10),11),$B$4:$B$368,"<="&DATE(YEAR(E10),MONTH(E10),DAY(EOMONTH(E10,0)))) -> 111374
B11: 44659 | C11: =_xlfn.IFNA(_xlfn.XLOOKUP(B11,Data_22_23[Date],Data_22_23[Balance],NA(),0,-1),Monthly_Data!C10) -> 1374 | E11: 44896 | F11: =_xlfn.MINIFS($C$4:$C$368,$B$4:$B$368,">="&DATE(YEAR(E11),MONTH(E11),11),$B$4:$B$368,"<="&DATE(YEAR(E11),MONTH(E11),DAY(EOMONTH(E11,0)))) -> 80374
B12: 44660 | C12: =_xlfn.IFNA(_xlfn.XLOOKUP(B12,Data_22_23[Date],Data_22_23[Balance],NA(),0,-1),Monthly_Data!C11) -> 1374 | E12: 44927 | F12: =_xlfn.MINIFS($C$4:$C$368,$B$4:$B$368,">="&DATE(YEAR(E12),MONTH(E12),11),$B$4:$B$368,"<="&DATE(YEAR(E12),MONTH(E12),DAY(EOMONTH(E12,0)))) -> 80374
B13: 44661 | C13: =_xlfn.IFNA(_xlfn.XLOOKUP(B13,Data_22_23[Date],Data_22_23[Balance],NA(),0,-1),Monthly_Data!C12) -> 1374 | E13: 44958 | F13: =_xlfn.MINIFS($C$4:$C$368,$B$4:$B$368,">="&DATE(YEAR(E13),MONTH(E13),11),$B$4:$B$368,"<="&DATE(YEAR(E13),MONTH(E13),DAY(EOMONTH(E13,0)))) -> 80374
B14: 44662 | C14: =_xlfn.IFNA(_xlfn.XLOOKUP(B14,Data_22_23[Date],Data_22_23[Balance],NA(),0,-1),Monthly_Data!C13) -> 1374 | E14: 44986 | F14: =_xlfn.MINIFS($C$4:$C$368,$B$4:$B$368,">="&DATE(YEAR(E14),MONTH(E14),11),$B$4:$B$368,"<="&DATE(YEAR(E14),MONTH(E14),DAY(EOMONTH(E14,0)))) -> 80374
B15: 44663 | C15: =_xlfn.IFNA(_xlfn.XLOOKUP(B15,Data_22_23[Date],Data_22_23[Balance],NA(),0,-1),Monthly_Data!C14) -> 1374
B16: 44664 | C16: =_xlfn.IFNA(_xlfn.XLOOKUP(B16,Data_22_23[Date],Data_22_23[Balance],NA(),0,-1),Monthly_Data!C15) -> 1374
B17: 44665 | C17: =_xlfn.IFNA(_xlfn.XLOOKUP(B17,Data_22_23[Date],Data_22_23[Balance],NA(),0,-1),Monthly_Data!C16) -> 1374
B18: 44666 | C18: =_xlfn.IFNA(_xlfn.XLOOKUP(B18,Data_22_23[Date],Data_22_23[Balance],NA(),0,-1),Monthly_Data!C17) -> 1374
B19: 44667 | C19: =_xlfn.IFNA(_xlfn.XLOOKUP(B19,Data_22_23[Date],Data_22_23[Balance],NA(),0,-1),Monthly_Data!C18) -> 1374
B20: 44668 | C20: =_xlfn.IFNA(_xlfn.XLOOKUP(B20,Data_22_23[Date],Data_22_23[Balance],NA(),0,-1),Monthly_Data!C19) -> 1374
B21: 44669 | C21: =_xlfn.IFNA(_xlfn.XLOOKUP(B21,Data_22_23[Date],Data_22_23[Balance],NA(),0,-1),Monthly_Data!C20) -> 1374
B22: 44670 | C22: =_xlfn.IFNA(_xlfn.XLOOKUP(B22,Data_22_23[Date],Data_22_23[Balance],NA(),0,-1),Monthly_Data!C21) -> 1374
B23: 44671 | C23: =_xlfn.IFNA(_xlfn.XLOOKUP(B23,Data_22_23[Date],Data_22_23[Balance],NA(),0,-1),Monthly_Data!C22) -> 1374
B24: 44672 | C24: =_xlfn.IFNA(_xlfn.XLOOKUP(B24,Data_22_23[Date],Data_22_23[Balance],NA(),0,-1),Monthly_Data!C23) -> 1374
B25: 44673 | C25: =_xlfn.IFNA(_xlfn.XLOOKUP(B25,Data_22_23[Date],Data_22_23[Balance],NA(),0,-1),Monthly_Data!C24) -> 1374
B26: 44674 | C26: =_xlfn.IFNA(_xlfn.XLOOKUP(B26,Data_22_23[Date],Data_22_23[Balance],NA(),0,-1),Monthly_Data!C25) -> 1374
... B368: 45016 | C368: =_xlfn.IFNA(_xlfn.XLOOKUP(B368,Data_22_23[Date],Data_22_23[Balance],NA(),0,-1),Monthly_Data!C367) -> 80374
